accuracy,balanced_accuracy,f1_macro,precision_macro,recall_macro,mcc,kappa
0.5214521452145214,0.39091810278128414,0.39289268501731034,0.40478936413342126,0.39091810278128414,0.4519383412190561,0.4503934249865521
